Timestamp,LB-CPU(m),LB-MEM(Mi),amf-1-CPU(m),amf-1-MEM(Mi),amf-2-CPU(m),amf-2-MEM(Mi),amf-3-CPU(m),amf-3-MEM(Mi),amf-4-CPU(m),amf-4-MEM(Mi),amf-5-CPU(m),amf-5-MEM(Mi),TOTAL-AMF-CPU,TOTAL-AMF-MEM
2025-11-30 20:34:03.051,0,1,1,41,1,41,1,41,1,41,1,41,5,206
2025-11-30 20:34:08.321,0,1,1,41,1,41,1,41,1,41,1,41,5,206
2025-11-30 20:34:13.653,0,1,1,41,1,41,1,41,1,41,1,41,5,206
2025-11-30 20:34:18.973,0,1,1,41,1,41,1,41,1,41,1,41,5,206
2025-11-30 20:34:24.249,0,1,1,41,1,41,1,41,1,41,1,41,5,206
2025-11-30 20:34:29.585,0,1,1,41,1,41,1,41,1,41,1,41,5,206
2025-11-30 20:34:34.881,0,1,1,41,1,41,1,41,1,41,1,41,5,206
2025-11-30 20:34:40.237,0,1,1,41,1,41,1,41,1,41,1,41,5,206
2025-11-30 20:34:45.577,0,1,1,41,1,41,1,41,1,41,1,41,5,206
2025-11-30 20:34:50.887,0,1,1,41,1,41,1,41,1,41,1,41,5,206
2025-11-30 20:34:56.289,0,1,1,41,1,41,1,41,1,41,1,41,5,206
2025-11-30 20:35:01.650,0,1,1,41,1,41,1,41,1,41,1,41,5,206
2025-11-30 20:35:06.953,0,1,1,41,1,41,1,41,1,41,1,41,5,206
2025-11-30 20:35:12.230,0,1,1,41,1,41,1,41,1,41,1,41,5,206
2025-11-30 20:35:17.537,1,1,1,42,1,42,1,41,1,41,1,41,6,208
2025-11-30 20:35:22.901,1,1,1,42,1,42,1,41,1,41,1,41,6,208
2025-11-30 20:35:28.219,1,1,1,42,1,42,1,41,1,41,1,41,6,208
2025-11-30 20:35:33.513,1,2,1,42,1,42,1,42,1,42,1,42,6,212
2025-11-30 20:35:38.792,1,2,1,42,1,42,1,42,1,42,1,42,6,212
2025-11-30 20:35:44.083,1,2,1,42,1,42,1,42,1,42,1,42,6,212
2025-11-30 20:35:49.437,2,2,1,42,1,42,1,42,1,42,1,42,7,212
2025-11-30 20:35:54.725,2,2,1,42,1,42,1,42,1,42,1,42,7,212
2025-11-30 20:36:00.065,1,3,1,42,1,42,1,42,1,42,1,42,6,213
2025-11-30 20:36:05.417,1,3,1,42,1,42,1,42,1,42,1,42,6,213
2025-11-30 20:36:10.680,1,3,1,42,1,42,1,42,1,42,1,42,6,213
2025-11-30 20:36:16.025,2,3,1,42,1,42,1,42,1,42,1,42,7,213
2025-11-30 20:36:21.317,2,3,1,42,1,42,1,42,1,42,1,42,7,213
2025-11-30 20:36:26.612,2,3,1,42,1,42,1,42,1,42,1,42,7,213
2025-11-30 20:36:31.957,2,3,1,42,1,42,1,42,1,42,1,42,7,213
2025-11-30 20:36:37.229,2,3,1,42,1,42,1,42,1,42,1,42,7,213
2025-11-30 20:36:42.473,2,3,1,42,1,42,1,42,1,42,1,42,7,213
2025-11-30 20:36:47.839,1,5,1,42,1,42,1,42,1,42,1,42,6,215
2025-11-30 20:36:53.137,1,5,1,42,1,42,1,42,1,42,1,42,6,215
2025-11-30 20:36:58.433,1,5,1,42,1,42,1,42,1,42,1,42,6,215
2025-11-30 20:37:03.700,1,5,1,42,1,42,1,42,1,42,1,42,6,215
2025-11-30 20:37:08.966,1,5,1,42,1,42,1,42,1,42,1,42,6,215
2025-11-30 20:37:14.337,1,5,1,42,1,42,1,42,1,42,1,42,6,215
2025-11-30 20:37:19.605,1,5,1,42,1,42,1,42,1,42,1,42,6,215
2025-11-30 20:37:24.929,1,5,1,42,1,42,1,42,1,42,1,42,6,215
2025-11-30 20:37:30.197,1,6,1,42,1,42,1,42,1,42,1,42,6,216
2025-11-30 20:37:35.485,1,6,1,42,1,42,1,42,1,42,1,42,6,216
2025-11-30 20:37:40.777,1,6,1,42,1,42,1,42,1,42,1,42,6,216
2025-11-30 20:37:46.024,1,6,1,42,1,42,1,42,1,42,1,42,6,216
2025-11-30 20:37:51.329,1,6,1,42,1,42,1,42,1,42,1,42,6,216
2025-11-30 20:37:56.613,1,6,1,42,1,42,1,42,1,42,1,42,6,216
2025-11-30 20:38:01.909,1,6,1,42,1,42,1,42,1,42,1,42,6,216
2025-11-30 20:38:07.281,1,6,1,42,1,42,1,42,1,42,1,42,6,216
2025-11-30 20:38:12.545,1,6,1,42,1,42,1,42,1,42,1,42,6,216
2025-11-30 20:38:17.917,1,7,1,42,1,42,1,42,1,42,1,42,6,217
2025-11-30 20:38:23.229,1,7,1,42,1,42,1,42,1,42,1,42,6,217
2025-11-30 20:38:28.490,1,7,1,42,1,42,1,42,1,42,1,42,6,217
2025-11-30 20:38:33.789,1,7,1,42,1,42,1,42,1,42,1,42,6,217
2025-11-30 20:38:39.149,1,7,1,42,1,42,1,42,1,42,1,42,6,217
2025-11-30 20:38:44.445,2,8,1,42,1,42,1,42,1,42,1,42,7,218
2025-11-30 20:38:49.817,2,8,1,42,1,42,1,42,1,42,1,42,7,218
2025-11-30 20:38:55.169,2,8,1,42,1,42,1,42,1,42,1,42,7,218
2025-11-30 20:39:00.497,1,8,1,42,1,42,1,42,1,42,1,42,6,218
2025-11-30 20:39:05.897,1,8,1,42,1,42,1,42,1,42,1,42,6,218
2025-11-30 20:39:11.193,1,8,1,42,1,42,1,42,1,42,1,42,6,218
2025-11-30 20:39:16.441,1,9,1,42,1,42,1,42,1,42,1,42,6,219
2025-11-30 20:39:21.801,1,9,1,42,1,42,1,42,1,42,1,42,6,219
2025-11-30 20:39:27.130,1,9,1,42,1,42,1,42,1,42,1,42,6,219
2025-11-30 20:39:32.393,2,10,1,42,1,42,1,42,1,42,1,42,7,220
2025-11-30 20:39:37.737,2,10,1,42,1,42,1,42,1,42,1,42,7,220
2025-11-30 20:39:43.077,2,10,1,42,1,42,1,42,1,42,1,42,7,220
2025-11-30 20:39:48.337,1,10,1,42,1,42,1,42,1,42,1,42,6,220
2025-11-30 20:39:53.643,1,10,1,42,1,42,1,42,1,42,1,42,6,220
2025-11-30 20:39:58.937,1,10,1,42,1,42,1,42,1,42,1,42,6,220
2025-11-30 20:40:04.249,1,11,1,42,1,42,1,42,1,42,1,42,6,221
2025-11-30 20:40:09.665,1,11,1,42,1,42,1,42,1,42,1,42,6,221
2025-11-30 20:40:14.989,1,11,1,42,1,42,1,42,1,42,1,42,6,221
2025-11-30 20:40:20.334,1,11,1,42,1,42,1,42,1,42,1,42,6,221
2025-11-30 20:40:25.645,1,11,1,42,1,42,1,42,1,42,1,42,6,221
2025-11-30 20:40:30.953,1,12,1,42,1,42,1,42,1,42,1,42,6,222
2025-11-30 20:40:36.249,1,12,1,42,1,42,1,42,1,42,1,42,6,222
2025-11-30 20:40:41.533,1,12,1,42,1,42,1,42,1,42,1,42,6,222
2025-11-30 20:40:46.901,1,12,1,42,1,42,1,42,1,42,1,42,6,222
2025-11-30 20:40:52.221,1,12,1,42,1,42,1,42,1,42,1,42,6,222
2025-11-30 20:40:57.529,1,12,1,42,1,42,1,42,1,42,1,42,6,222
2025-11-30 20:41:02.905,1,12,1,42,1,42,1,42,1,42,1,42,6,222
2025-11-30 20:41:08.245,1,12,1,42,1,42,1,42,1,42,1,42,6,222
2025-11-30 20:41:13.577,1,12,1,42,1,42,1,42,1,42,1,42,6,222
2025-11-30 20:41:18.941,1,12,1,42,1,42,1,42,1,42,1,42,6,222
2025-11-30 20:41:24.273,1,12,1,42,1,42,1,42,1,42,1,42,6,222
2025-11-30 20:41:29.557,1,13,1,42,1,42,1,42,1,42,1,42,6,223
2025-11-30 20:41:34.837,1,13,1,42,1,42,1,42,1,42,1,42,6,223
2025-11-30 20:41:40.177,1,13,1,42,1,42,1,42,1,42,1,42,6,223
2025-11-30 20:41:45.565,1,13,1,42,1,42,1,42,1,42,1,42,6,223
2025-11-30 20:41:50.829,1,13,1,42,1,42,1,42,1,42,1,42,6,223
2025-11-30 20:41:56.087,1,13,1,42,1,42,1,42,1,42,1,42,6,223
2025-11-30 20:42:01.413,1,14,1,42,1,42,1,42,1,42,1,42,6,224
2025-11-30 20:42:06.798,1,14,1,42,1,42,1,42,1,42,1,42,6,224
2025-11-30 20:42:12.109,1,14,1,42,1,42,1,42,1,42,1,42,6,224
2025-11-30 20:42:17.393,1,14,1,42,1,42,1,42,1,42,1,42,6,224
2025-11-30 20:42:22.735,1,14,1,42,1,42,1,42,1,42,1,42,6,224
2025-11-30 20:42:28.029,1,14,1,42,1,42,1,42,1,42,1,42,6,224
2025-11-30 20:42:33.361,1,15,1,42,1,42,1,42,1,42,1,42,6,225
2025-11-30 20:42:38.717,1,15,1,42,1,42,1,42,1,42,1,42,6,225
2025-11-30 20:42:43.985,1,15,1,42,1,42,1,42,1,42,1,42,6,225
2025-11-30 20:42:49.285,1,15,1,42,1,43,1,42,1,42,1,42,6,226
2025-11-30 20:42:54.577,1,15,1,42,1,43,1,42,1,42,1,42,6,226
2025-11-30 20:42:59.881,1,15,1,42,1,43,1,43,1,42,1,42,6,227
2025-11-30 20:43:05.257,1,15,1,42,1,43,1,43,1,42,1,42,6,227
2025-11-30 20:43:10.521,1,15,1,42,1,43,1,43,1,42,1,42,6,227
2025-11-30 20:43:15.837,1,16,1,43,1,43,1,43,1,42,1,42,6,229
2025-11-30 20:43:21.133,1,16,1,43,1,43,1,43,1,42,1,42,6,229
2025-11-30 20:43:26.425,1,16,1,43,1,43,1,43,1,42,1,42,6,229
2025-11-30 20:43:31.753,1,16,1,43,1,43,1,43,1,43,1,42,6,230
2025-11-30 20:43:37.002,1,16,1,43,1,43,1,43,1,43,1,42,6,230
2025-11-30 20:43:42.233,1,16,1,43,1,43,1,43,1,43,1,42,6,230
2025-11-30 20:43:47.474,1,17,1,43,1,43,1,43,1,43,1,43,6,232
2025-11-30 20:43:52.793,1,17,1,43,1,43,1,43,1,43,1,43,6,232
2025-11-30 20:43:58.173,1,17,1,43,1,43,1,43,1,43,1,43,6,232
2025-11-30 20:44:03.485,1,17,1,43,1,43,1,43,1,43,1,43,6,232
2025-11-30 20:44:08.869,1,17,1,43,1,43,1,43,1,43,1,43,6,232
2025-11-30 20:44:14.169,1,17,1,43,1,43,1,43,1,43,1,43,6,232
2025-11-30 20:44:19.545,1,17,1,43,1,43,1,43,1,43,1,43,6,232
2025-11-30 20:44:24.853,1,17,1,43,1,43,1,43,1,43,1,43,6,232
2025-11-30 20:44:30.205,1,18,1,43,1,43,1,43,1,43,1,43,6,233
2025-11-30 20:44:35.477,1,18,1,43,1,43,1,43,1,43,1,43,6,233
2025-11-30 20:44:40.761,1,18,1,43,1,43,1,43,1,43,1,43,6,233
2025-11-30 20:44:46.135,1,18,1,43,1,43,1,43,1,43,1,43,6,233
2025-11-30 20:44:51.393,1,18,1,43,1,43,1,43,1,43,1,43,6,233
2025-11-30 20:44:56.685,1,18,1,43,1,43,1,43,1,43,1,43,6,233
2025-11-30 20:45:01.997,1,19,1,43,1,43,1,43,1,43,1,43,6,234
2025-11-30 20:45:07.321,1,19,1,43,1,43,1,43,1,43,1,43,6,234
2025-11-30 20:45:12.658,1,19,1,43,1,43,1,43,1,43,1,43,6,234
2025-11-30 20:45:18.016,1,19,1,43,1,43,1,43,1,43,1,43,6,234
2025-11-30 20:45:23.318,1,19,1,43,1,43,1,43,1,43,1,43,6,234
2025-11-30 20:45:28.581,1,19,1,43,1,43,1,43,1,43,1,43,6,234
2025-11-30 20:45:33.837,1,19,1,43,1,43,1,43,1,43,1,43,6,234
2025-11-30 20:45:39.101,1,19,1,43,1,43,1,43,1,43,1,43,6,234
2025-11-30 20:45:44.357,1,19,1,43,1,43,1,43,1,43,1,43,6,234
2025-11-30 20:45:49.698,1,19,1,43,1,43,1,43,1,43,1,43,6,234
2025-11-30 20:45:55.081,1,19,1,43,1,43,1,43,1,43,1,43,6,234
2025-11-30 20:46:00.360,1,20,1,43,1,43,1,43,1,43,1,43,6,235
2025-11-30 20:46:05.697,1,20,1,43,1,43,1,43,1,43,1,43,6,235
2025-11-30 20:46:11.029,1,20,1,43,1,43,1,43,1,43,1,43,6,235
2025-11-30 20:46:16.381,2,20,1,43,1,43,1,43,1,43,1,43,7,235
2025-11-30 20:46:21.697,2,20,1,43,1,43,1,43,1,43,1,43,7,235
2025-11-30 20:46:27.001,2,20,1,43,1,43,1,43,1,43,1,43,7,235
2025-11-30 20:46:32.286,0,20,1,43,1,43,1,43,1,43,1,43,5,235
2025-11-30 20:46:37.625,0,20,1,43,1,43,1,43,1,43,1,43,5,235
2025-11-30 20:46:42.921,0,20,1,43,1,43,1,43,1,43,1,43,5,235
2025-11-30 20:46:48.245,0,20,1,43,1,43,1,43,1,43,1,43,5,235
2025-11-30 20:46:53.593,0,20,1,43,1,43,1,43,1,43,1,43,5,235
2025-11-30 20:46:58.849,0,20,1,43,1,43,1,43,1,43,1,43,5,235
2025-11-30 20:47:04.181,0,20,1,43,1,43,1,43,1,43,1,43,5,235
2025-11-30 20:47:09.542,0,20,1,43,1,43,1,43,1,43,1,43,5,235
2025-11-30 20:47:14.825,0,20,1,43,1,43,1,43,1,43,1,43,5,235
2025-11-30 20:47:20.113,0,20,1,43,1,43,1,43,1,43,1,43,5,235
2025-11-30 20:47:25.371,0,20,1,43,1,43,1,43,1,43,1,43,5,235
2025-11-30 20:47:30.739,0,20,1,43,1,43,1,43,1,43,1,43,5,235
2025-11-30 20:47:36.078,0,20,1,43,1,43,1,43,1,43,1,43,5,235
2025-11-30 20:47:41.369,0,20,1,43,1,43,1,43,1,43,1,43,5,235
2025-11-30 20:47:46.653,0,20,1,43,1,43,1,43,1,43,1,43,5,235
2025-11-30 20:47:51.942,0,20,1,43,1,43,1,43,1,43,1,43,5,235
2025-11-30 20:47:57.249,0,20,1,43,1,43,1,43,1,43,1,43,5,235
2025-11-30 20:48:02.574,0,20,1,43,1,43,1,43,1,43,1,43,5,235
2025-11-30 20:48:07.852,0,20,1,43,1,43,1,43,1,43,1,43,5,235
2025-11-30 20:48:13.197,0,20,1,43,1,43,1,43,1,43,1,43,5,235
2025-11-30 20:48:18.569,0,20,1,43,1,43,1,43,1,43,1,43,5,235
2025-11-30 20:48:23.853,0,20,1,43,1,43,1,43,1,43,1,43,5,235
2025-11-30 20:48:29.149,0,20,1,43,1,43,1,43,1,43,1,43,5,235
2025-11-30 20:48:34.409,0,20,1,43,1,43,1,43,1,43,1,43,5,235
2025-11-30 20:48:39.745,0,20,1,43,1,43,1,43,1,43,1,43,5,235
2025-11-30 20:48:45.133,0,20,1,43,1,43,1,43,1,43,1,43,5,235
2025-11-30 20:48:50.421,0,20,1,43,1,43,1,43,1,43,1,43,5,235
2025-11-30 20:48:55.729,0,20,1,43,1,43,1,43,1,43,1,43,5,235
2025-11-30 20:49:01.089,0,20,1,43,1,43,1,43,1,43,1,43,5,235
2025-11-30 20:49:06.365,0,20,1,43,1,43,1,43,1,43,1,43,5,235
2025-11-30 20:49:11.713,0,20,1,43,1,43,1,43,1,43,1,43,5,235
2025-11-30 20:49:17.017,0,20,1,43,1,43,1,43,1,43,1,43,5,235
2025-11-30 20:49:22.311,0,20,1,43,1,43,1,43,1,43,1,43,5,235
2025-11-30 20:49:27.653,0,20,1,43,1,43,1,43,1,43,1,43,5,235
2025-11-30 20:49:32.933,1,20,1,43,1,43,1,43,1,43,1,43,6,235
2025-11-30 20:49:38.249,1,20,1,43,1,43,1,43,1,43,1,43,6,235
2025-11-30 20:49:43.621,1,20,1,43,1,43,1,43,1,43,1,43,6,235
2025-11-30 20:49:48.933,1,20,1,43,1,43,1,43,1,43,1,43,6,235
2025-11-30 20:49:54.185,1,20,1,43,1,43,1,43,1,43,1,43,6,235
2025-11-30 20:49:59.441,1,19,1,43,1,43,1,43,1,43,1,43,6,234
2025-11-30 20:50:04.801,1,19,1,43,1,43,1,43,1,43,1,43,6,234
2025-11-30 20:50:10.085,1,19,1,43,1,43,1,43,1,43,1,43,6,234
2025-11-30 20:50:15.360,1,19,1,43,1,43,1,43,1,43,1,43,6,234
2025-11-30 20:50:20.661,1,19,1,43,1,43,1,43,1,43,1,43,6,234
2025-11-30 20:50:25.961,1,19,1,43,1,43,1,43,1,43,1,43,6,234
2025-11-30 20:50:31.242,1,19,1,43,1,43,1,43,1,43,1,43,6,234
2025-11-30 20:50:36.571,1,19,1,43,1,43,1,43,1,43,1,43,6,234
2025-11-30 20:50:41.917,1,19,1,43,1,43,1,43,1,43,1,43,6,234
2025-11-30 20:50:47.205,1,18,1,43,1,43,1,43,1,43,1,43,6,233
2025-11-30 20:50:52.473,1,18,1,43,1,43,1,43,1,43,1,43,6,233
2025-11-30 20:50:57.765,1,18,1,43,1,43,1,43,1,43,1,43,6,233
2025-11-30 20:51:03.082,1,17,1,43,1,43,1,43,1,43,1,43,6,232
2025-11-30 20:51:08.461,1,17,1,43,1,43,1,43,1,43,1,43,6,232
2025-11-30 20:51:13.811,1,17,1,43,1,43,1,43,1,43,1,43,6,232
2025-11-30 20:51:19.149,1,17,1,43,1,43,1,43,1,43,1,43,6,232
2025-11-30 20:51:24.477,1,17,1,43,1,43,1,43,1,43,1,43,6,232
2025-11-30 20:51:29.753,1,16,1,43,1,43,1,43,1,43,1,43,6,231
2025-11-30 20:51:35.073,1,16,1,43,1,43,1,43,1,43,1,43,6,231
2025-11-30 20:51:40.405,1,16,1,43,1,43,1,43,1,43,1,43,6,231
2025-11-30 20:51:45.721,1,16,1,43,1,43,1,43,1,43,1,43,6,231
2025-11-30 20:51:50.989,1,16,1,43,1,43,1,43,1,43,1,43,6,231
2025-11-30 20:51:56.306,1,16,1,43,1,43,1,43,1,43,1,43,6,231
2025-11-30 20:52:01.645,1,16,1,43,1,43,1,43,1,43,1,43,6,231
2025-11-30 20:52:06.937,1,16,1,43,1,43,1,43,1,43,1,43,6,231
2025-11-30 20:52:12.245,1,16,1,43,1,43,1,43,1,43,1,43,6,231
2025-11-30 20:52:17.573,1,15,1,43,1,43,1,43,1,43,1,43,6,230
2025-11-30 20:52:22.877,1,15,1,43,1,43,1,43,1,43,1,43,6,230
2025-11-30 20:52:28.225,1,15,1,43,1,43,1,43,1,43,1,43,6,230
2025-11-30 20:52:33.536,1,14,1,43,1,43,1,43,1,43,1,43,6,229
2025-11-30 20:52:38.813,1,14,1,43,1,43,1,43,1,43,1,43,6,229
2025-11-30 20:52:44.143,1,14,1,43,1,43,1,43,1,43,1,43,6,229
2025-11-30 20:52:49.513,1,13,1,43,1,43,1,43,1,43,1,43,6,228
2025-11-30 20:52:54.773,1,13,1,43,1,43,1,43,1,43,1,43,6,228
2025-11-30 20:53:00.033,1,13,1,43,1,43,1,43,1,43,1,43,6,228
2025-11-30 20:53:05.341,1,13,1,43,1,43,1,43,1,43,1,43,6,228
2025-11-30 20:53:10.593,1,13,1,43,1,43,1,43,1,43,1,43,6,228
2025-11-30 20:53:15.941,1,12,1,43,1,43,1,43,1,43,1,43,6,227
2025-11-30 20:53:21.221,1,12,1,43,1,43,1,43,1,43,1,43,6,227
2025-11-30 20:53:26.565,1,12,1,43,1,43,1,43,1,43,1,43,6,227
2025-11-30 20:53:31.857,0,12,1,43,1,43,1,43,1,43,1,43,5,227
2025-11-30 20:53:37.193,0,12,1,43,1,43,1,43,1,43,1,43,5,227
2025-11-30 20:53:42.537,0,12,1,43,1,43,1,43,1,43,1,43,5,227
2025-11-30 20:53:47.877,1,12,1,43,1,43,1,43,1,43,1,43,6,227
2025-11-30 20:53:53.225,1,12,1,43,1,43,1,43,1,43,1,43,6,227
2025-11-30 20:53:58.465,1,12,1,43,1,43,1,43,1,43,1,43,6,227
2025-11-30 20:54:03.760,1,11,1,43,1,43,1,43,1,43,1,43,6,226
2025-11-30 20:54:09.047,1,11,1,43,1,43,1,43,1,43,1,43,6,226
2025-11-30 20:54:14.407,1,10,1,43,1,43,1,43,1,43,1,43,6,225
2025-11-30 20:54:19.737,1,10,1,43,1,43,1,43,1,43,1,43,6,225
2025-11-30 20:54:25.059,1,10,1,43,1,43,1,43,1,43,1,43,6,225
2025-11-30 20:54:30.365,1,10,1,43,1,43,1,43,1,43,1,43,6,225
2025-11-30 20:54:35.713,1,10,1,43,1,43,1,43,1,43,1,43,6,225
2025-11-30 20:54:41.025,1,10,1,43,1,43,1,43,1,43,1,43,6,225
2025-11-30 20:54:46.317,1,10,1,43,1,43,1,43,1,43,1,43,6,225
2025-11-30 20:54:51.613,1,10,1,43,1,43,1,43,1,43,1,43,6,225
2025-11-30 20:54:56.942,1,10,1,43,1,43,1,43,1,43,1,43,6,225
2025-11-30 20:55:02.309,1,9,1,43,1,43,1,43,1,43,1,43,6,224
2025-11-30 20:55:07.665,1,9,1,43,1,43,1,43,1,43,1,43,6,224
2025-11-30 20:55:12.937,1,9,1,43,1,43,1,43,1,43,1,43,6,224
2025-11-30 20:55:18.289,1,8,1,43,1,43,1,43,1,43,1,43,6,223
2025-11-30 20:55:23.588,1,8,1,43,1,43,1,43,1,43,1,43,6,223
2025-11-30 20:55:28.905,1,8,1,43,1,43,1,43,1,43,1,43,6,223
2025-11-30 20:55:34.217,1,8,1,43,1,43,1,43,1,43,1,43,6,223
2025-11-30 20:55:39.505,1,8,1,43,1,43,1,43,1,43,1,43,6,223
2025-11-30 20:55:44.845,1,8,1,43,1,43,1,43,1,43,1,43,6,223
2025-11-30 20:55:50.193,1,8,1,43,1,43,1,43,1,43,1,43,6,223
2025-11-30 20:55:55.505,1,8,1,43,1,43,1,43,1,43,1,43,6,223
2025-11-30 20:56:00.769,1,7,1,43,1,43,1,43,1,43,1,43,6,222
2025-11-30 20:56:06.057,1,7,1,43,1,43,1,43,1,43,1,43,6,222
2025-11-30 20:56:11.341,1,7,1,43,1,43,1,43,1,43,1,43,6,222
2025-11-30 20:56:16.661,1,6,1,43,1,43,1,43,1,43,1,43,6,221
2025-11-30 20:56:21.965,1,6,1,43,1,43,1,43,1,43,1,43,6,221
2025-11-30 20:56:27.253,1,6,1,43,1,43,1,43,1,43,1,43,6,221
2025-11-30 20:56:32.545,1,6,1,43,1,43,1,43,1,43,1,43,6,221
2025-11-30 20:56:37.881,1,6,1,43,1,43,1,43,1,43,1,43,6,221
2025-11-30 20:56:43.162,1,6,1,43,1,43,1,43,1,43,1,43,6,221
2025-11-30 20:56:48.517,1,5,1,43,1,43,1,43,1,43,1,43,6,220
2025-11-30 20:56:53.913,1,5,1,43,1,43,1,43,1,43,1,43,6,220
2025-11-30 20:56:59.237,1,4,1,43,1,43,1,43,1,43,1,43,6,219
2025-11-30 20:57:04.505,1,4,1,43,1,43,1,43,1,43,1,43,6,219
2025-11-30 20:57:09.815,1,4,1,43,1,43,1,43,1,43,1,43,6,219
2025-11-30 20:57:15.097,1,4,1,43,1,43,1,43,1,43,1,43,6,219
2025-11-30 20:57:20.395,1,4,1,43,1,43,1,43,1,43,1,43,6,219
2025-11-30 20:57:25.701,1,4,1,43,1,43,1,43,1,43,1,43,6,219
2025-11-30 20:57:30.985,0,4,1,43,1,43,1,43,1,43,1,43,5,219
2025-11-30 20:57:36.310,0,4,1,43,1,43,1,43,1,43,1,43,5,219
2025-11-30 20:57:41.641,0,4,1,43,1,43,1,43,1,43,1,43,5,219
2025-11-30 20:57:46.973,0,4,1,43,1,43,1,43,1,43,1,43,5,219
2025-11-30 20:57:52.324,0,4,1,43,1,43,1,43,1,43,1,43,5,219
2025-11-30 20:57:57.636,0,4,1,43,1,43,1,43,1,43,1,43,5,219
2025-11-30 20:58:02.977,0,4,1,43,1,43,1,43,1,43,1,43,5,219
2025-11-30 20:58:08.269,0,4,1,43,1,43,1,43,1,43,1,43,5,219
2025-11-30 20:58:13.561,0,4,1,43,1,43,1,43,1,43,1,43,5,219
2025-11-30 20:58:18.914,0,4,1,43,1,43,1,43,1,43,1,43,5,219
2025-11-30 20:58:24.227,0,4,1,43,1,43,1,43,1,43,1,43,5,219
2025-11-30 20:58:29.570,0,4,1,43,1,43,1,43,1,43,1,43,5,219
2025-11-30 20:58:34.941,0,4,1,43,1,43,1,43,1,43,1,43,5,219
2025-11-30 20:58:40.213,0,4,1,43,1,43,1,43,1,43,1,43,5,219
2025-11-30 20:58:45.509,0,4,1,43,1,43,1,43,1,43,1,43,5,219
2025-11-30 20:58:50.821,0,4,1,43,1,43,1,43,1,43,1,43,5,219
2025-11-30 20:58:56.112,0,4,1,43,1,43,1,43,1,43,1,43,5,219
