Timestamp,TOTAL-AMF-MEM
0.0,9
6.014,9
12.005,9
17.969,9
23.984,10
29.986,10
35.988,10
42.0,10
47.989,10
54.023,11
60.013,11
66.015,12
71.996,12
78.008,12
84.015,13
89.995,13
95.979,13
101.959,13
107.931,13
113.954,14
119.938,14
125.943,14
131.931,14
137.914,14
143.926,15
149.906,15
155.903,15
161.904,15
167.894,15
173.909,16
179.895,16
185.914,17
191.924,17
197.915,17
203.953,18
209.959,18
215.977,18
221.975,18
227.968,18
233.986,19
239.967,19
245.962,19
251.981,19
258.018,19
264.035,20
270.043,20
276.027,30
282.043,30
288.034,30
294.078,30
300.071,30
306.071,31
312.061,31
318.053,31
324.121,32
330.193,32
336.187,33
342.257,33
348.305,33
354.431,33
360.509,33
366.572,33
372.67,33
378.735,33
384.854,34
390.893,34
396.925,34
402.959,34
409.041,34
415.103,35
421.15,35
427.208,35
433.327,35
439.388,35
445.427,35
451.472,35
457.543,36
463.674,36
469.723,38
475.725,38
481.857,38
487.996,38
494.176,38
500.382,48
506.565,48
512.78,48
519.079,47
525.291,47
531.543,47
537.69,47
544.074,47
550.415,48
556.686,48
562.769,48
568.928,48
574.977,51
581.044,51
587.14,51
593.334,51
599.495,51
605.714,51
611.932,51
618.186,51
624.497,52
630.796,52
637.054,52
643.397,52
649.757,52
656.102,52
662.518,52
668.982,53
675.41,53
681.931,53
688.48,53
694.99,53
701.591,54
708.121,54
714.561,54
720.994,54
727.545,64
734.029,64
740.725,64
747.243,64
753.89,64
760.372,127
767.013,127
773.55,66
780.147,66
786.717,67
793.13,67
799.706,67
806.182,67
812.792,67
819.243,68
825.824,68
832.385,69
838.938,69
845.471,69
852.069,69
858.597,69
865.123,69
871.6,69
878.052,70
884.586,70
891.072,70
897.797,70
904.44,70
911.039,71
917.501,71
924.084,71
930.641,71
937.231,72
943.889,72
950.4,72
957.081,72
963.756,72
970.427,153
977.015,153
983.678,82
990.214,82
996.744,82
1003.388,82
1010.003,82
1016.562,83
1023.159,83
1029.749,83
1036.307,83
1042.831,83
1049.383,83
1055.995,85
1062.686,85
1069.308,85
1075.914,85
1082.419,85
1088.916,85
1095.573,85
1102.135,86
1108.665,87
1115.306,87
1121.912,87
1128.487,87
1135.065,88
1141.603,88
1148.117,88
1154.71,88
1161.355,88
1167.936,88
1174.61,88
1181.336,89
1187.997,89
1194.597,89
1201.254,89
1207.843,90
1214.485,90
1220.964,90
1227.664,90
1234.146,90
1240.779,90
1247.414,90
1253.918,90
1260.392,90
1267.033,91
1273.568,91
1280.212,91
1286.862,91
1293.715,91
1300.459,92
1307.101,92
1313.693,92
1320.263,92
1326.828,92
1333.399,92
1340.033,92
1346.558,93
1353.333,93
1360.103,93
1366.721,93
1373.455,94
1380.057,94
1386.821,94
1393.498,95
1400.079,95
1406.758,96
1413.522,96
1420.312,96
1426.904,96
1433.53,97
1440.229,97
1446.903,97
1453.559,97
1460.183,97
1466.77,97
1473.386,97
1480.043,97
1486.599,97
1493.236,97
1499.8,97
1506.367,97
1512.989,97
1519.567,97
1526.15,97
1532.768,97
1539.347,97
1545.818,97
1552.46,97
1559.05,97
1565.723,97
1572.351,97
1579.001,97
1585.665,97
1592.286,97
1598.924,97
1605.548,97
1612.204,97
1618.98,97
1625.576,97
1632.085,97
1638.718,97
1645.327,97
1651.909,97
1658.516,97
1665.201,97
1671.858,97
1678.402,97
1684.997,97
1691.641,97
1698.159,97
1704.719,97
1711.452,97
1718.036,97
1724.612,97
1731.544,97
1738.146,97
1744.679,97
1751.334,97
1758.029,97
1764.479,97
1771.015,97
1777.596,97
1784.133,97
1790.733,97
1797.266,97
1803.751,97
1810.32,97
1816.915,97
1823.393,97
1830.02,97
1836.69,97
1843.325,97
1849.953,97
1856.544,97
1863.17,97
1869.851,97
1876.462,97
1883.124,97
1889.788,97
1896.424,97
1903.003,97
1909.587,97
1916.131,97
1922.839,97
1929.401,97
1935.963,97
1942.52,97
1949.291,97
1955.905,97
1962.468,97
1969.008,97
1975.52,97
1982.142,97
1988.68,97
1995.28,97
2001.934,97
2008.498,97
2014.99,97
2021.605,97
2028.108,97
2034.842,97
2041.499,97
2048.136,97
2054.695,97
2061.276,97
2067.894,97
2074.439,97
2081.052,97
2087.774,97
2094.535,97
2101.101,97
2107.75,97
2114.306,97
2120.884,97
2127.634,97
2134.293,97
2140.855,97
2147.484,97
2154.039,97
2160.817,97
2167.442,97
2173.969,97
2180.606,97
2187.108,97
2193.666,97
2200.298,97
2207.09,97
2213.77,97
2220.415,97
2226.96,97
2233.466,97
2240.061,97
2246.556,97
2253.238,97
2259.941,97
2266.647,97
2273.393,97
2279.958,97
2286.669,97
2293.207,97
2299.83,97
2306.502,97
2313.246,97
2319.802,97
2326.439,97
2333.174,97
2339.832,97
2346.492,97
2353.058,97
2359.826,97
2366.503,97
2373.15,97
2379.779,97
2386.449,97
2393.182,97
2399.862,97
2406.46,97
2413.206,97
2420.004,97
2426.688,97
2433.327,97
2440.02,97
2446.624,97
2453.126,97
2459.672,97
2466.29,97
2472.989,97
2479.66,97
2486.229,97
2492.717,97
2499.301,97
2505.759,97
2512.265,97
2518.853,97
2525.492,97
2532.01,97
2538.404,97
2544.873,96
2551.342,96
2557.796,96
2564.375,96
2570.819,96
2577.351,95
2583.793,95
2590.286,94
2596.682,94
2603.097,93
2609.55,93
2616.072,93
2622.597,93
2629.168,93
2635.7,22
2642.253,22
2648.757,22
2655.375,22
2661.91,44
2668.367,55
2675.049,55
2681.583,90
2688.086,90
2694.644,90
2701.172,90
2707.667,90
2714.219,90
2720.645,90
2727.181,88
2733.758,88
2740.239,88
2746.751,88
2753.31,88
2759.795,88
2766.294,88
2772.838,88
2779.383,88
2785.964,87
2792.44,87
2799.014,86
2805.552,86
2812.07,85
2818.492,85
2825.013,85
2831.509,85
2838.0,85
2844.407,84
2850.904,84
2857.309,84
2863.739,73
2870.24,73
2876.674,72
2883.173,72
2889.745,71
2896.297,71
2902.891,71
2909.41,71
2915.879,70
2922.362,70
2928.824,70
2935.239,70
2941.83,70
2948.364,69
2954.919,69
2961.351,69
2967.961,68
2974.624,68
2981.204,67
2987.68,67
2994.201,67
3000.859,67
3007.293,66
3013.797,66
3020.357,65
3026.785,65
3033.214,65
3039.732,54
3046.218,54
3052.683,52
3059.098,52
3065.538,52
3072.001,52
3078.463,52
3084.815,51
3091.301,51
3097.686,50
3104.122,50
3110.639,50
3117.158,50
3123.7,50
3130.125,49
3136.605,49
3143.078,49
3149.574,49
3156.049,49
3162.464,49
3168.897,49
3175.477,48
3181.868,48
3188.36,47
3194.827,47
3201.295,46
3207.779,46
3214.179,45
3220.596,34
3227.042,34
3233.548,34
3240.047,34
3246.494,33
3252.842,33
3259.242,32
3265.443,32
3271.746,32
3277.939,32
3284.076,32
3290.232,32
3296.378,32
3302.436,32
3308.467,31
3314.539,31
3320.658,30
3326.662,30
3332.737,30
3338.753,18
3344.779,18
3350.825,18
3356.815,18
3362.8,18
3368.841,18
3374.834,18
3380.839,18
3386.831,18
3392.838,17
3398.857,17
3404.871,17
3410.972,17
3417.032,17
3423.109,17
3429.165,17
3435.226,17
3441.261,17
3447.353,17
3453.468,17
3459.583,17
3465.674,17
3471.795,17
3477.896,17
3484.016,17
3490.127,17
3496.244,17
3502.374,17
3508.462,17
3514.583,17
3520.787,17
3526.886,17
3532.996,17
3539.13,17
3545.253,17
3551.393,17
3557.536,17
3563.681,17
3569.784,17
3575.831,17
3581.905,17
3588.016,17
