Timestamp,CPU(m),Memory(Mi)
2025-11-29 00:33:53.055,0m,1Mi
2025-11-29 00:33:53.709,0m,1Mi
2025-11-29 00:33:54.363,0m,1Mi
2025-11-29 00:33:55.020,0m,1Mi
2025-11-29 00:33:55.681,0m,1Mi
2025-11-29 00:33:56.340,0m,1Mi
2025-11-29 00:33:57.001,0m,1Mi
2025-11-29 00:33:57.662,0m,1Mi
2025-11-29 00:33:58.313,0m,1Mi
2025-11-29 00:33:58.974,0m,1Mi
2025-11-29 00:33:59.642,0m,1Mi
2025-11-29 00:34:00.297,0m,1Mi
2025-11-29 00:34:00.967,0m,1Mi
2025-11-29 00:34:01.624,0m,1Mi
2025-11-29 00:34:02.287,0m,1Mi
2025-11-29 00:34:02.946,0m,1Mi
2025-11-29 00:34:03.600,0m,1Mi
2025-11-29 00:34:04.250,0m,1Mi
2025-11-29 00:34:04.912,0m,1Mi
2025-11-29 00:34:05.568,0m,1Mi
2025-11-29 00:34:06.222,0m,1Mi
2025-11-29 00:34:06.880,0m,1Mi
2025-11-29 00:34:07.542,0m,1Mi
2025-11-29 00:34:08.193,0m,1Mi
2025-11-29 00:34:08.850,0m,1Mi
2025-11-29 00:34:09.509,0m,1Mi
2025-11-29 00:34:10.161,0m,1Mi
2025-11-29 00:34:10.822,0m,1Mi
2025-11-29 00:34:11.479,0m,1Mi
2025-11-29 00:34:12.130,0m,1Mi
2025-11-29 00:34:12.782,0m,1Mi
2025-11-29 00:34:13.440,0m,1Mi
2025-11-29 00:34:14.090,0m,1Mi
2025-11-29 00:34:14.749,0m,1Mi
2025-11-29 00:34:15.403,0m,1Mi
2025-11-29 00:34:16.056,0m,1Mi
2025-11-29 00:34:16.707,0m,1Mi
2025-11-29 00:34:17.366,0m,1Mi
2025-11-29 00:34:18.025,0m,1Mi
2025-11-29 00:34:18.678,0m,1Mi
2025-11-29 00:34:19.328,0m,1Mi
2025-11-29 00:34:19.991,0m,1Mi
2025-11-29 00:34:20.644,0m,1Mi
2025-11-29 00:34:21.296,0m,1Mi
2025-11-29 00:34:21.950,0m,1Mi
2025-11-29 00:34:22.609,0m,1Mi
2025-11-29 00:34:23.262,0m,1Mi
2025-11-29 00:34:23.920,0m,1Mi
2025-11-29 00:34:24.581,0m,1Mi
2025-11-29 00:34:25.238,0m,1Mi
2025-11-29 00:34:25.893,0m,1Mi
2025-11-29 00:34:26.545,0m,1Mi
2025-11-29 00:34:27.197,0m,1Mi
2025-11-29 00:34:27.859,0m,1Mi
2025-11-29 00:34:28.522,0m,1Mi
2025-11-29 00:34:29.177,0m,1Mi
2025-11-29 00:34:29.831,0m,1Mi
2025-11-29 00:34:30.490,0m,1Mi
2025-11-29 00:34:31.148,0m,1Mi
2025-11-29 00:34:31.810,0m,1Mi
2025-11-29 00:34:32.465,0m,1Mi
2025-11-29 00:34:33.114,0m,1Mi
2025-11-29 00:34:33.770,0m,1Mi
2025-11-29 00:34:34.426,0m,1Mi
2025-11-29 00:34:35.078,0m,1Mi
2025-11-29 00:34:35.737,0m,1Mi
2025-11-29 00:34:36.398,0m,1Mi
2025-11-29 00:34:37.059,0m,1Mi
2025-11-29 00:34:37.713,0m,1Mi
2025-11-29 00:34:38.366,0m,1Mi
2025-11-29 00:34:39.029,0m,1Mi
2025-11-29 00:34:39.696,0m,1Mi
2025-11-29 00:34:40.344,0m,1Mi
2025-11-29 00:34:41.010,0m,1Mi
2025-11-29 00:34:41.681,0m,1Mi
2025-11-29 00:34:42.334,0m,1Mi
2025-11-29 00:34:42.992,0m,1Mi
2025-11-29 00:34:43.643,1m,1Mi
2025-11-29 00:34:44.300,1m,1Mi
2025-11-29 00:34:44.961,1m,1Mi
2025-11-29 00:34:45.617,1m,1Mi
2025-11-29 00:34:46.265,1m,1Mi
2025-11-29 00:34:46.934,1m,1Mi
2025-11-29 00:34:47.588,1m,1Mi
2025-11-29 00:34:48.240,1m,1Mi
2025-11-29 00:34:48.891,1m,1Mi
2025-11-29 00:34:49.538,1m,1Mi
2025-11-29 00:34:50.199,1m,1Mi
2025-11-29 00:34:50.853,1m,1Mi
2025-11-29 00:34:51.510,1m,1Mi
2025-11-29 00:34:52.161,1m,1Mi
2025-11-29 00:34:52.812,1m,1Mi
2025-11-29 00:34:53.468,1m,1Mi
2025-11-29 00:34:54.122,1m,1Mi
2025-11-29 00:34:54.779,1m,1Mi
2025-11-29 00:34:55.435,0m,1Mi
2025-11-29 00:34:56.097,0m,1Mi
2025-11-29 00:34:56.754,0m,1Mi
2025-11-29 00:34:57.405,0m,1Mi
2025-11-29 00:34:58.060,0m,1Mi
2025-11-29 00:34:58.723,0m,1Mi
2025-11-29 00:34:59.378,0m,1Mi
2025-11-29 00:35:00.033,0m,1Mi
2025-11-29 00:35:00.691,0m,1Mi
2025-11-29 00:35:01.358,0m,1Mi
2025-11-29 00:35:02.014,0m,1Mi
2025-11-29 00:35:02.665,0m,1Mi
2025-11-29 00:35:03.321,0m,1Mi
2025-11-29 00:35:03.975,0m,1Mi
2025-11-29 00:35:04.633,0m,1Mi
2025-11-29 00:35:05.290,0m,1Mi
2025-11-29 00:35:05.940,0m,1Mi
2025-11-29 00:35:06.602,0m,1Mi
2025-11-29 00:35:07.256,0m,1Mi
2025-11-29 00:35:07.905,0m,1Mi
2025-11-29 00:35:08.563,0m,1Mi
2025-11-29 00:35:09.225,0m,1Mi
2025-11-29 00:35:09.883,0m,1Mi
2025-11-29 00:35:10.545,0m,1Mi
2025-11-29 00:35:11.198,0m,1Mi
2025-11-29 00:35:11.859,0m,1Mi
2025-11-29 00:35:12.513,0m,1Mi
2025-11-29 00:35:13.171,0m,1Mi
2025-11-29 00:35:13.831,0m,1Mi
2025-11-29 00:35:14.476,0m,1Mi
2025-11-29 00:35:15.133,0m,1Mi
2025-11-29 00:35:15.789,0m,1Mi
2025-11-29 00:35:16.439,0m,1Mi
2025-11-29 00:35:17.107,0m,1Mi
2025-11-29 00:35:17.761,0m,1Mi
2025-11-29 00:35:18.418,0m,1Mi
2025-11-29 00:35:19.072,0m,1Mi
2025-11-29 00:35:19.732,0m,1Mi
2025-11-29 00:35:20.385,0m,1Mi
2025-11-29 00:35:21.037,0m,1Mi
2025-11-29 00:35:21.692,0m,1Mi
2025-11-29 00:35:22.348,0m,1Mi
2025-11-29 00:35:23.002,0m,1Mi
2025-11-29 00:35:23.660,0m,1Mi
2025-11-29 00:35:24.311,0m,1Mi
2025-11-29 00:35:24.975,0m,1Mi
2025-11-29 00:35:25.637,0m,1Mi
2025-11-29 00:35:26.310,0m,1Mi
2025-11-29 00:35:27.008,0m,1Mi
2025-11-29 00:35:27.694,0m,1Mi
2025-11-29 00:35:28.418,0m,1Mi
2025-11-29 00:35:29.081,0m,1Mi
2025-11-29 00:35:29.755,0m,1Mi
2025-11-29 00:35:30.416,0m,1Mi
2025-11-29 00:35:31.104,0m,1Mi
2025-11-29 00:35:31.779,0m,1Mi
2025-11-29 00:35:32.446,0m,1Mi
2025-11-29 00:35:33.125,0m,1Mi
2025-11-29 00:35:33.831,0m,1Mi
2025-11-29 00:35:34.492,0m,1Mi
2025-11-29 00:35:35.166,0m,1Mi
2025-11-29 00:35:35.854,0m,1Mi
2025-11-29 00:35:36.522,0m,1Mi
2025-11-29 00:35:37.239,0m,1Mi
2025-11-29 00:35:37.943,0m,1Mi
2025-11-29 00:35:38.699,0m,1Mi
2025-11-29 00:35:39.422,0m,1Mi
2025-11-29 00:35:40.117,0m,1Mi
2025-11-29 00:35:40.852,0m,1Mi
2025-11-29 00:35:41.512,0m,1Mi
2025-11-29 00:35:42.207,0m,1Mi
2025-11-29 00:35:42.897,0m,1Mi
2025-11-29 00:35:43.644,18m,4Mi
2025-11-29 00:35:44.378,18m,4Mi
2025-11-29 00:35:45.122,18m,4Mi
2025-11-29 00:35:45.878,18m,4Mi
2025-11-29 00:35:46.586,18m,4Mi
2025-11-29 00:35:47.315,18m,4Mi
2025-11-29 00:35:48.041,18m,4Mi
2025-11-29 00:35:48.843,18m,4Mi
2025-11-29 00:35:49.565,18m,4Mi
2025-11-29 00:35:50.333,18m,4Mi
2025-11-29 00:35:51.129,18m,4Mi
2025-11-29 00:35:51.841,18m,4Mi
2025-11-29 00:35:52.565,18m,4Mi
2025-11-29 00:35:53.260,18m,4Mi
2025-11-29 00:35:53.949,18m,4Mi
2025-11-29 00:35:54.721,18m,4Mi
2025-11-29 00:35:55.411,18m,4Mi
2025-11-29 00:35:56.117,39m,8Mi
2025-11-29 00:35:56.802,39m,8Mi
2025-11-29 00:35:57.496,39m,8Mi
2025-11-29 00:35:58.203,39m,8Mi
2025-11-29 00:35:58.899,39m,8Mi
2025-11-29 00:35:59.570,39m,8Mi
2025-11-29 00:36:00.238,39m,8Mi
2025-11-29 00:36:00.899,39m,8Mi
2025-11-29 00:36:01.579,39m,8Mi
2025-11-29 00:36:02.243,39m,8Mi
2025-11-29 00:36:02.951,39m,8Mi
2025-11-29 00:36:03.682,39m,8Mi
2025-11-29 00:36:04.403,39m,8Mi
2025-11-29 00:36:05.141,39m,8Mi
2025-11-29 00:36:05.852,39m,8Mi
2025-11-29 00:36:06.557,39m,8Mi
2025-11-29 00:36:07.258,39m,8Mi
2025-11-29 00:36:07.973,39m,8Mi
2025-11-29 00:36:08.676,39m,8Mi
2025-11-29 00:36:09.385,39m,8Mi
2025-11-29 00:36:10.101,39m,8Mi
2025-11-29 00:36:10.818,39m,8Mi
2025-11-29 00:36:11.508,39m,8Mi
2025-11-29 00:36:12.215,39m,8Mi
2025-11-29 00:36:12.931,39m,8Mi
2025-11-29 00:36:13.639,39m,8Mi
2025-11-29 00:36:14.339,39m,8Mi
2025-11-29 00:36:15.026,39m,8Mi
2025-11-29 00:36:15.724,39m,8Mi
2025-11-29 00:36:16.447,39m,8Mi
2025-11-29 00:36:17.138,39m,8Mi
2025-11-29 00:36:17.826,39m,8Mi
2025-11-29 00:36:18.510,39m,8Mi
2025-11-29 00:36:19.206,39m,8Mi
2025-11-29 00:36:19.889,15m,1Mi
2025-11-29 00:36:20.587,15m,1Mi
2025-11-29 00:36:21.290,15m,1Mi
2025-11-29 00:36:21.971,15m,1Mi
2025-11-29 00:36:22.653,15m,1Mi
2025-11-29 00:36:23.346,15m,1Mi
2025-11-29 00:36:24.029,15m,1Mi
2025-11-29 00:36:24.723,15m,1Mi
2025-11-29 00:36:25.411,15m,1Mi
2025-11-29 00:36:26.097,15m,1Mi
2025-11-29 00:36:26.791,15m,1Mi
2025-11-29 00:36:27.460,15m,1Mi
2025-11-29 00:36:28.146,15m,1Mi
2025-11-29 00:36:28.818,15m,1Mi
2025-11-29 00:36:29.480,15m,1Mi
2025-11-29 00:36:30.145,15m,1Mi
2025-11-29 00:36:30.825,15m,1Mi
2025-11-29 00:36:31.485,15m,1Mi
2025-11-29 00:36:32.149,15m,1Mi
2025-11-29 00:36:32.811,15m,1Mi
2025-11-29 00:36:33.482,15m,1Mi
2025-11-29 00:36:34.144,15m,1Mi
2025-11-29 00:36:34.807,15m,1Mi
2025-11-29 00:36:35.481,15m,1Mi
2025-11-29 00:36:36.134,15m,1Mi
2025-11-29 00:36:36.793,15m,1Mi
2025-11-29 00:36:37.449,15m,1Mi
2025-11-29 00:36:38.104,15m,1Mi
2025-11-29 00:36:38.760,15m,1Mi
2025-11-29 00:36:39.421,15m,1Mi
2025-11-29 00:36:40.078,15m,1Mi
2025-11-29 00:36:40.732,15m,1Mi
2025-11-29 00:36:41.383,15m,1Mi
2025-11-29 00:36:42.035,15m,1Mi
2025-11-29 00:36:42.691,15m,1Mi
2025-11-29 00:36:43.346,0m,1Mi
2025-11-29 00:36:43.998,0m,1Mi
2025-11-29 00:36:44.649,0m,1Mi
2025-11-29 00:36:45.297,0m,1Mi
2025-11-29 00:36:45.952,0m,1Mi
2025-11-29 00:36:46.606,0m,1Mi
2025-11-29 00:36:47.259,0m,1Mi
2025-11-29 00:36:47.913,0m,1Mi
2025-11-29 00:36:48.566,0m,1Mi
2025-11-29 00:36:49.221,0m,1Mi
2025-11-29 00:36:49.874,0m,1Mi
2025-11-29 00:36:50.527,0m,1Mi
2025-11-29 00:36:51.187,0m,1Mi
2025-11-29 00:36:51.842,0m,1Mi
2025-11-29 00:36:52.500,0m,1Mi
2025-11-29 00:36:53.147,0m,1Mi
2025-11-29 00:36:53.802,0m,1Mi
2025-11-29 00:36:54.455,0m,1Mi
2025-11-29 00:36:55.112,2m,1Mi
2025-11-29 00:36:55.766,2m,1Mi
2025-11-29 00:36:56.423,2m,1Mi
2025-11-29 00:36:57.076,2m,1Mi
2025-11-29 00:36:57.736,2m,1Mi
2025-11-29 00:36:58.384,2m,1Mi
2025-11-29 00:36:59.040,2m,1Mi
2025-11-29 00:36:59.691,2m,1Mi
2025-11-29 00:37:00.351,2m,1Mi
2025-11-29 00:37:01.004,2m,1Mi
2025-11-29 00:37:01.673,2m,1Mi
2025-11-29 00:37:02.325,2m,1Mi
2025-11-29 00:37:02.977,2m,1Mi
2025-11-29 00:37:03.626,2m,1Mi
2025-11-29 00:37:04.278,2m,1Mi
2025-11-29 00:37:04.929,2m,1Mi
2025-11-29 00:37:05.583,2m,1Mi
2025-11-29 00:37:06.233,2m,1Mi
2025-11-29 00:37:06.883,2m,1Mi
2025-11-29 00:37:07.535,2m,1Mi
2025-11-29 00:37:08.190,2m,1Mi
2025-11-29 00:37:08.838,2m,1Mi
2025-11-29 00:37:09.498,2m,1Mi
2025-11-29 00:37:10.148,2m,1Mi
2025-11-29 00:37:10.805,2m,1Mi
2025-11-29 00:37:11.453,2m,1Mi
2025-11-29 00:37:12.109,2m,1Mi
2025-11-29 00:37:12.752,2m,1Mi
2025-11-29 00:37:13.407,2m,1Mi
2025-11-29 00:37:14.057,2m,1Mi
2025-11-29 00:37:14.714,2m,1Mi
2025-11-29 00:37:15.366,2m,1Mi
2025-11-29 00:37:16.020,2m,1Mi
2025-11-29 00:37:16.672,2m,1Mi
2025-11-29 00:37:17.329,2m,1Mi
2025-11-29 00:37:17.980,2m,1Mi
2025-11-29 00:37:18.642,2m,1Mi
2025-11-29 00:37:19.296,0m,1Mi
2025-11-29 00:37:19.948,0m,1Mi
2025-11-29 00:37:20.598,0m,1Mi
2025-11-29 00:37:21.253,0m,1Mi
2025-11-29 00:37:21.906,0m,1Mi
2025-11-29 00:37:22.557,0m,1Mi
2025-11-29 00:37:23.219,0m,1Mi
2025-11-29 00:37:23.873,0m,1Mi
2025-11-29 00:37:24.525,0m,1Mi
2025-11-29 00:37:25.184,0m,1Mi
2025-11-29 00:37:25.839,0m,1Mi
2025-11-29 00:37:26.499,0m,1Mi
2025-11-29 00:37:27.153,0m,1Mi
2025-11-29 00:37:27.804,0m,1Mi
2025-11-29 00:37:28.458,0m,1Mi
2025-11-29 00:37:29.114,0m,1Mi
2025-11-29 00:37:29.769,0m,1Mi
2025-11-29 00:37:30.422,0m,1Mi
2025-11-29 00:37:31.073,0m,1Mi
2025-11-29 00:37:31.742,0m,1Mi
2025-11-29 00:37:32.394,0m,1Mi
2025-11-29 00:37:33.052,0m,1Mi
2025-11-29 00:37:33.703,0m,1Mi
2025-11-29 00:37:34.355,0m,1Mi
2025-11-29 00:37:35.012,0m,1Mi
2025-11-29 00:37:35.670,0m,1Mi
2025-11-29 00:37:36.317,0m,1Mi
2025-11-29 00:37:36.973,0m,1Mi
2025-11-29 00:37:37.625,0m,1Mi
2025-11-29 00:37:38.280,0m,1Mi
2025-11-29 00:37:38.938,0m,1Mi
2025-11-29 00:37:39.589,0m,1Mi
2025-11-29 00:37:40.240,0m,1Mi
2025-11-29 00:37:40.896,0m,1Mi
2025-11-29 00:37:41.551,0m,1Mi
2025-11-29 00:37:42.208,0m,1Mi
2025-11-29 00:37:42.856,0m,1Mi
2025-11-29 00:37:43.512,0m,1Mi
2025-11-29 00:37:44.167,0m,1Mi
2025-11-29 00:37:44.822,0m,1Mi
2025-11-29 00:37:45.479,0m,1Mi
2025-11-29 00:37:46.133,0m,1Mi
2025-11-29 00:37:46.796,0m,1Mi
2025-11-29 00:37:47.447,0m,1Mi
2025-11-29 00:37:48.101,0m,1Mi
2025-11-29 00:37:48.755,0m,1Mi
2025-11-29 00:37:49.413,0m,1Mi
2025-11-29 00:37:50.070,0m,1Mi
2025-11-29 00:37:50.720,0m,1Mi
2025-11-29 00:37:51.376,0m,1Mi
2025-11-29 00:37:52.032,0m,1Mi
2025-11-29 00:37:52.686,0m,1Mi
2025-11-29 00:37:53.339,0m,1Mi
2025-11-29 00:37:53.989,0m,1Mi
2025-11-29 00:37:54.648,0m,1Mi
2025-11-29 00:37:55.303,0m,1Mi
2025-11-29 00:37:55.956,0m,1Mi
2025-11-29 00:37:56.609,0m,1Mi
2025-11-29 00:37:57.267,0m,1Mi
2025-11-29 00:37:57.928,0m,1Mi
2025-11-29 00:37:58.578,0m,1Mi
2025-11-29 00:37:59.232,0m,1Mi
2025-11-29 00:37:59.881,0m,1Mi
2025-11-29 00:38:00.537,0m,1Mi
2025-11-29 00:38:01.188,0m,1Mi
2025-11-29 00:38:01.857,0m,1Mi
2025-11-29 00:38:02.504,0m,1Mi
2025-11-29 00:38:03.160,0m,1Mi
2025-11-29 00:38:03.813,0m,1Mi
2025-11-29 00:38:04.469,0m,1Mi
2025-11-29 00:38:05.118,0m,1Mi
2025-11-29 00:38:05.779,0m,1Mi
2025-11-29 00:38:06.437,0m,1Mi
2025-11-29 00:38:07.094,0m,1Mi
2025-11-29 00:38:07.750,0m,1Mi
2025-11-29 00:38:08.407,0m,1Mi
2025-11-29 00:38:09.054,0m,1Mi
2025-11-29 00:38:09.721,0m,1Mi
2025-11-29 00:38:10.378,0m,1Mi
2025-11-29 00:38:11.035,0m,1Mi
2025-11-29 00:38:11.686,0m,1Mi
2025-11-29 00:38:12.338,0m,1Mi
2025-11-29 00:38:12.992,0m,1Mi
2025-11-29 00:38:13.645,0m,1Mi
2025-11-29 00:38:14.298,0m,1Mi
2025-11-29 00:38:14.964,0m,1Mi
2025-11-29 00:38:15.612,0m,1Mi
2025-11-29 00:38:16.265,0m,1Mi
2025-11-29 00:38:16.916,0m,1Mi
2025-11-29 00:38:17.573,0m,1Mi
2025-11-29 00:38:18.221,0m,1Mi
2025-11-29 00:38:18.872,0m,1Mi
2025-11-29 00:38:19.518,0m,1Mi
2025-11-29 00:38:20.172,0m,1Mi
2025-11-29 00:38:20.822,0m,1Mi
2025-11-29 00:38:21.484,0m,1Mi
2025-11-29 00:38:22.132,0m,1Mi
2025-11-29 00:38:22.787,0m,1Mi
2025-11-29 00:38:23.436,0m,1Mi
2025-11-29 00:38:24.103,0m,1Mi
2025-11-29 00:38:24.759,0m,1Mi
2025-11-29 00:38:25.410,0m,1Mi
2025-11-29 00:38:26.061,0m,1Mi
2025-11-29 00:38:26.727,0m,1Mi
2025-11-29 00:38:27.376,0m,1Mi
2025-11-29 00:38:28.041,0m,1Mi
2025-11-29 00:38:28.692,0m,1Mi
2025-11-29 00:38:29.352,0m,1Mi
2025-11-29 00:38:30.006,0m,1Mi
2025-11-29 00:38:30.665,0m,1Mi
2025-11-29 00:38:31.313,0m,1Mi
2025-11-29 00:38:31.960,0m,1Mi
2025-11-29 00:38:32.612,0m,1Mi
2025-11-29 00:38:33.266,0m,1Mi
2025-11-29 00:38:33.917,0m,1Mi
2025-11-29 00:38:34.575,0m,1Mi
2025-11-29 00:38:35.229,0m,1Mi
2025-11-29 00:38:35.895,0m,1Mi
2025-11-29 00:38:36.552,0m,1Mi
2025-11-29 00:38:37.210,0m,1Mi
2025-11-29 00:38:37.860,0m,1Mi
2025-11-29 00:38:38.515,0m,1Mi
2025-11-29 00:38:39.172,0m,1Mi
2025-11-29 00:38:39.831,0m,1Mi
2025-11-29 00:38:40.494,0m,1Mi
2025-11-29 00:38:41.154,0m,1Mi
2025-11-29 00:38:41.814,0m,1Mi
2025-11-29 00:38:42.472,0m,1Mi
2025-11-29 00:38:43.124,0m,1Mi
2025-11-29 00:38:43.775,0m,1Mi
2025-11-29 00:38:44.434,0m,1Mi
2025-11-29 00:38:45.086,0m,1Mi
2025-11-29 00:38:45.748,0m,1Mi
2025-11-29 00:38:46.409,0m,1Mi
2025-11-29 00:38:47.067,0m,1Mi
2025-11-29 00:38:47.718,0m,1Mi
2025-11-29 00:38:48.372,0m,1Mi
2025-11-29 00:38:49.024,0m,1Mi
2025-11-29 00:38:49.680,0m,1Mi
2025-11-29 00:38:50.332,0m,1Mi
2025-11-29 00:38:50.992,0m,1Mi
2025-11-29 00:38:51.656,0m,1Mi
2025-11-29 00:38:52.306,0m,1Mi
2025-11-29 00:38:52.963,0m,1Mi
2025-11-29 00:38:53.615,0m,1Mi
2025-11-29 00:38:54.275,0m,1Mi
2025-11-29 00:38:54.940,0m,1Mi
2025-11-29 00:38:55.593,0m,1Mi
2025-11-29 00:38:56.255,0m,1Mi
2025-11-29 00:38:56.916,0m,1Mi
2025-11-29 00:38:57.574,0m,1Mi
2025-11-29 00:38:58.236,0m,1Mi
2025-11-29 00:38:58.890,0m,1Mi
2025-11-29 00:38:59.544,0m,1Mi
2025-11-29 00:39:00.201,0m,1Mi
2025-11-29 00:39:00.854,0m,1Mi
2025-11-29 00:39:01.505,0m,1Mi
2025-11-29 00:39:02.158,0m,1Mi
2025-11-29 00:39:02.805,0m,1Mi
2025-11-29 00:39:03.456,0m,1Mi
2025-11-29 00:39:04.110,0m,1Mi
2025-11-29 00:39:04.772,0m,1Mi
